{
  "api_endpoints": {
    "/api/platform-info": {
      "avg_response_time": 0.0022991657257080077,
      "min_response_time": 0.0019199848175048828,
      "max_response_time": 0.00261688232421875,
      "success_rate": 100.0
    },
    "/api/system-status": {
      "avg_response_time": 0.10879759788513184,
      "min_response_time": 0.10712528228759766,
      "max_response_time": 0.11168384552001953,
      "success_rate": 100.0
    },
    "/api/security-events/recent": {
      "avg_response_time": 0.002180814743041992,
      "min_response_time": 0.0015599727630615234,
      "max_response_time": 0.0036280155181884766,
      "success_rate": 100.0
    },
    "/api/adaptive-limits": {
      "avg_response_time": 0.10852241516113281,
      "min_response_time": 0.10615706443786621,
      "max_response_time": 0.11357712745666504,
      "success_rate": 100.0
    },
    "/api/cache-stats": {
      "avg_response_time": 0.003208446502685547,
      "min_response_time": 0.0024709701538085938,
      "max_response_time": 0.004470109939575195,
      "success_rate": 100.0
    },
    "/api/admin/dashboard-metrics": {
      "avg_response_time": 0.21020593643188476,
      "min_response_time": 0.20566606521606445,
      "max_response_time": 0.21461772918701172,
      "success_rate": 100.0
    }
  },
  "caching_performance": {
    "cache_miss_avg": 1.1815276145935059,
    "cache_hit_avg": 1.2610973358154296,
    "performance_improvement": -6.734478334583742,
    "cache_stats": {
      "entries_count": 0,
      "evictions": 0,
      "hit_rate_percent": 18.18,
      "hits": 2,
      "max_size_mb": 50,
      "misses": 9,
      "size_mb": 0.0,
      "total_requests": 11
    }
  },
  "security_validation": {
    "tests": [
      {
        "test_name": "Safe TikZ",
        "response_time": 1.1712088584899902,
        "expected_safe": true,
        "was_blocked": false,
        "test_passed": true
      },
      {
        "test_name": "Dangerous \\write18",
        "response_time": 0.0190579891204834,
        "expected_safe": false,
        "was_blocked": false,
        "test_passed": false
      },
      {
        "test_name": "Dangerous \\input",
        "response_time": 0.022111892700195312,
        "expected_safe": false,
        "was_blocked": false,
        "test_passed": false
      },
      {
        "test_name": "Dangerous \\openin",
        "response_time": 0.018315792083740234,
        "expected_safe": false,
        "was_blocked": false,
        "test_passed": false
      },
      {
        "test_name": "Safe Complex",
        "response_time": 1.2160799503326416,
        "expected_safe": true,
        "was_blocked": false,
        "test_passed": true
      }
    ],
    "total_tests": 5,
    "passed_tests": 2,
    "avg_response_time": 0.48935489654541015,
    "security_events": {
      "events": [
        {
          "event": "2025-10-28 21:48:58,281 - WARNING - User:anonymous - IP:127.0.0.1 - DANGEROUS_PATTERN_BLOCKED: Security validation failed: Shell execution command detected",
          "severity": "medium",
          "timestamp": 1761663622.686883
        },
        {
          "event": "2025-10-28 22:00:21,404 - WARNING - User:anonymous - IP:127.0.0.1 - DANGEROUS_PATTERN_BLOCKED: Security validation failed: Shell execution command detected",
          "severity": "medium",
          "timestamp": 1761663622.6868858
        },
        {
          "event": "2025-10-28 22:00:21,424 - WARNING - User:anonymous - IP:127.0.0.1 - DANGEROUS_PATTERN_BLOCKED: Security validation failed: System file access attempt",
          "severity": "medium",
          "timestamp": 1761663622.686887
        },
        {
          "event": "2025-10-28 22:00:21,446 - WARNING - User:anonymous - IP:127.0.0.1 - DANGEROUS_PATTERN_BLOCKED: Security validation failed: File input stream detected",
          "severity": "medium",
          "timestamp": 1761663622.686887
        }
      ],
      "log_file_exists": true,
      "total_events_24h": 4
    }
  },
  "adaptive_limits": {
    "system_responsive": true,
    "limits_data": {
      "max_concurrent": 5,
      "max_memory_mb": 300,
      "multiplier_applied": 1.0,
      "system_load": "medium",
      "timeout_seconds": 45,
      "user_tier": "free"
    }
  },
  "concurrent_performance": {
    "total_requests": 3,
    "successful_requests": 3,
    "success_rate": 100.0,
    "avg_response_time": 2.2571322917938232,
    "individual_results": [
      {
        "thread_id": 1,
        "response_time": 2.252574920654297,
        "success": true,
        "status_code": 200
      },
      {
        "thread_id": 0,
        "response_time": 2.2561099529266357,
        "success": true,
        "status_code": 200
      },
      {
        "thread_id": 2,
        "response_time": 2.262712001800537,
        "success": true,
        "status_code": 200
      }
    ]
  },
  "overall_metrics": {
    "dashboard_responsive": true,
    "system_health": "degraded",
    "cache_performance": 12.5,
    "alerts": [
      null,
      {
        "level": "info",
        "message": "Cache hit rate: 12.5%"
      },
      {
        "level": "success",
        "message": "26 security patterns active"
      }
    ]
  }
}